{
  "$schema": "https://raw.githubusercontent.com/Microsoft/azure-pipelines-task-lib/master/tasks.schema.json",
  "contentVersion": "1.0.0.0",
   "id": "cmn69HYzAUqS/FmoZQ2Wkg==",
  "name": "AssemblyInfoUpdater",
  "friendlyName": "Update Assembly Info",
  "description": "",
  "author": "AmitDavid",
  "helpMarkDown": "",
  "version": {
    "Major": 1,
    "Minor": 0,
    "Patch": 0
  },
  "inputs": [],
  "execution": {
    "Bash": {
      "target": "assemblyInfoUpdater.sh",
      "workingDirectory": "$(System.DefaultWorkingDirectory)"
    }
  },
  "instanceNameFormat": "Update Assembly Info",
  "groups": ["Build"],
  "category": "Build"
}